Interval, Interval (UTC),Soil_Measurement22_f073c947-18c3-4d30-b1f1-f790c2e769fe/Moisture.avg,Soil_Measurement22_f073c947-18c3-4d30-b1f1-f790c2e769fe/Moisture.min,Soil_Measurement22_f073c947-18c3-4d30-b1f1-f790c2e769fe/Moisture.max,Soil_Measurement22_f073c947-18c3-4d30-b1f1-f790c2e769fe/Temperature.avg,Soil_Measurement22_f073c947-18c3-4d30-b1f1-f790c2e769fe/Temperature.min,Soil_Measurement22_f073c947-18c3-4d30-b1f1-f790c2e769fe/Temperature.max
08/22/2021 02:34:00 AM,08/22/2021 01:34:00 AM,377,377,377,27,27,27
08/22/2021 02:34:30 AM,08/22/2021 01:34:30 AM,,,,,,
08/22/2021 02:35:00 AM,08/22/2021 01:35:00 AM,,,,,,
08/22/2021 02:35:30 AM,08/22/2021 01:35:30 AM,,,,,,
08/22/2021 02:36:00 AM,08/22/2021 01:36:00 AM,,,,,,
08/22/2021 02:36:30 AM,08/22/2021 01:36:30 AM,,,,,,
08/22/2021 02:37:00 AM,08/22/2021 01:37:00 AM,,,,,,
08/22/2021 02:37:30 AM,08/22/2021 01:37:30 AM,,,,,,
08/22/2021 02:38:00 AM,08/22/2021 01:38:00 AM,,,,,,
08/22/2021 02:38:30 AM,08/22/2021 01:38:30 AM,,,,,,
08/22/2021 02:39:00 AM,08/22/2021 01:39:00 AM,,,,,,
08/22/2021 02:39:30 AM,08/22/2021 01:39:30 AM,,,,,,
08/22/2021 02:40:00 AM,08/22/2021 01:40:00 AM,,,,,,
08/22/2021 02:40:30 AM,08/22/2021 01:40:30 AM,,,,,,
08/22/2021 02:41:00 AM,08/22/2021 01:41:00 AM,,,,,,
08/22/2021 02:41:30 AM,08/22/2021 01:41:30 AM,,,,,,
08/22/2021 02:42:00 AM,08/22/2021 01:42:00 AM,,,,,,
08/22/2021 02:42:30 AM,08/22/2021 01:42:30 AM,,,,,,
08/22/2021 02:43:00 AM,08/22/2021 01:43:00 AM,,,,,,
08/22/2021 02:43:30 AM,08/22/2021 01:43:30 AM,,,,,,
08/22/2021 02:44:00 AM,08/22/2021 01:44:00 AM,,,,,,
08/22/2021 02:44:30 AM,08/22/2021 01:44:30 AM,,,,,,
08/22/2021 02:45:00 AM,08/22/2021 01:45:00 AM,,,,,,
08/22/2021 02:45:30 AM,08/22/2021 01:45:30 AM,,,,,,
08/22/2021 02:46:00 AM,08/22/2021 01:46:00 AM,,,,,,
08/22/2021 02:46:30 AM,08/22/2021 01:46:30 AM,,,,,,
08/22/2021 02:47:00 AM,08/22/2021 01:47:00 AM,,,,,,
08/22/2021 02:47:30 AM,08/22/2021 01:47:30 AM,,,,,,
08/22/2021 02:48:00 AM,08/22/2021 01:48:00 AM,,,,,,
08/22/2021 02:48:30 AM,08/22/2021 01:48:30 AM,,,,,,
08/22/2021 02:49:00 AM,08/22/2021 01:49:00 AM,352.49352344612913,321,394,26.070790239983936,25,29
08/22/2021 02:49:30 AM,08/22/2021 01:49:30 AM,,,,,,
08/22/2021 02:50:00 AM,08/22/2021 01:50:00 AM,,,,,,
08/22/2021 02:50:30 AM,08/22/2021 01:50:30 AM,,,,,,
08/22/2021 02:51:00 AM,08/22/2021 01:51:00 AM,,,,,,
08/22/2021 02:51:30 AM,08/22/2021 01:51:30 AM,,,,,,
08/22/2021 02:52:00 AM,08/22/2021 01:52:00 AM,,,,,,
08/22/2021 02:52:30 AM,08/22/2021 01:52:30 AM,,,,,,
08/22/2021 02:53:00 AM,08/22/2021 01:53:00 AM,,,,,,
08/22/2021 02:53:30 AM,08/22/2021 01:53:30 AM,,,,,,
08/22/2021 02:54:00 AM,08/22/2021 01:54:00 AM,,,,,,
08/22/2021 02:54:30 AM,08/22/2021 01:54:30 AM,,,,,,
08/22/2021 02:55:00 AM,08/22/2021 01:55:00 AM,,,,,,
08/22/2021 02:55:30 AM,08/22/2021 01:55:30 AM,,,,,,
08/22/2021 02:56:00 AM,08/22/2021 01:56:00 AM,,,,,,
08/22/2021 02:56:30 AM,08/22/2021 01:56:30 AM,,,,,,
08/22/2021 02:57:00 AM,08/22/2021 01:57:00 AM,,,,,,
08/22/2021 02:57:30 AM,08/22/2021 01:57:30 AM,,,,,,
08/22/2021 02:58:00 AM,08/22/2021 01:58:00 AM,,,,,,
08/22/2021 02:58:30 AM,08/22/2021 01:58:30 AM,,,,,,
08/22/2021 02:59:00 AM,08/22/2021 01:59:00 AM,,,,,,
08/22/2021 02:59:30 AM,08/22/2021 01:59:30 AM,,,,,,
08/22/2021 03:00:00 AM,08/22/2021 02:00:00 AM,,,,,,
08/22/2021 03:00:30 AM,08/22/2021 02:00:30 AM,,,,,,
08/22/2021 03:01:00 AM,08/22/2021 02:01:00 AM,,,,,,
08/22/2021 03:01:30 AM,08/22/2021 02:01:30 AM,,,,,,
08/22/2021 03:02:00 AM,08/22/2021 02:02:00 AM,,,,,,
08/22/2021 03:02:30 AM,08/22/2021 02:02:30 AM,,,,,,
08/22/2021 03:03:00 AM,08/22/2021 02:03:00 AM,,,,,,
08/22/2021 03:03:30 AM,08/22/2021 02:03:30 AM,,,,,,
08/22/2021 03:04:00 AM,08/22/2021 02:04:00 AM,,,,,,
08/22/2021 03:04:30 AM,08/22/2021 02:04:30 AM,,,,,,
08/22/2021 03:05:00 AM,08/22/2021 02:05:00 AM,,,,,,
08/22/2021 03:05:30 AM,08/22/2021 02:05:30 AM,,,,,,
08/22/2021 03:06:00 AM,08/22/2021 02:06:00 AM,,,,,,
08/22/2021 03:06:30 AM,08/22/2021 02:06:30 AM,,,,,,
08/22/2021 03:07:00 AM,08/22/2021 02:07:00 AM,,,,,,
08/22/2021 03:07:30 AM,08/22/2021 02:07:30 AM,,,,,,
08/22/2021 03:08:00 AM,08/22/2021 02:08:00 AM,,,,,,
08/22/2021 03:08:30 AM,08/22/2021 02:08:30 AM,,,,,,
08/22/2021 03:09:00 AM,08/22/2021 02:09:00 AM,,,,,,
08/22/2021 03:09:30 AM,08/22/2021 02:09:30 AM,,,,,,
08/22/2021 03:10:00 AM,08/22/2021 02:10:00 AM,,,,,,
08/22/2021 03:10:30 AM,08/22/2021 02:10:30 AM,,,,,,
08/22/2021 03:11:00 AM,08/22/2021 02:11:00 AM,,,,,,
08/22/2021 03:11:30 AM,08/22/2021 02:11:30 AM,,,,,,
08/22/2021 03:12:00 AM,08/22/2021 02:12:00 AM,,,,,,
08/22/2021 03:12:30 AM,08/22/2021 02:12:30 AM,,,,,,
08/22/2021 03:13:00 AM,08/22/2021 02:13:00 AM,,,,,,
08/22/2021 03:13:30 AM,08/22/2021 02:13:30 AM,,,,,,
08/22/2021 03:14:00 AM,08/22/2021 02:14:00 AM,,,,,,
08/22/2021 03:14:30 AM,08/22/2021 02:14:30 AM,,,,,,
08/22/2021 03:15:00 AM,08/22/2021 02:15:00 AM,,,,,,
08/22/2021 03:15:30 AM,08/22/2021 02:15:30 AM,,,,,,
08/22/2021 03:16:00 AM,08/22/2021 02:16:00 AM,,,,,,
08/22/2021 03:16:30 AM,08/22/2021 02:16:30 AM,,,,,,
08/22/2021 03:17:00 AM,08/22/2021 02:17:00 AM,,,,,,
08/22/2021 03:17:30 AM,08/22/2021 02:17:30 AM,,,,,,
08/22/2021 03:18:00 AM,08/22/2021 02:18:00 AM,,,,,,
08/22/2021 03:18:30 AM,08/22/2021 02:18:30 AM,,,,,,
08/22/2021 03:19:00 AM,08/22/2021 02:19:00 AM,,,,,,
08/22/2021 03:19:30 AM,08/22/2021 02:19:30 AM,,,,,,
08/22/2021 03:20:00 AM,08/22/2021 02:20:00 AM,,,,,,
08/22/2021 03:20:30 AM,08/22/2021 02:20:30 AM,,,,,,
08/22/2021 03:21:00 AM,08/22/2021 02:21:00 AM,,,,,,
08/22/2021 03:21:30 AM,08/22/2021 02:21:30 AM,,,,,,
08/22/2021 03:22:00 AM,08/22/2021 02:22:00 AM,,,,,,
08/22/2021 03:22:30 AM,08/22/2021 02:22:30 AM,,,,,,
08/22/2021 03:23:00 AM,08/22/2021 02:23:00 AM,,,,,,
08/22/2021 03:23:30 AM,08/22/2021 02:23:30 AM,,,,,,
08/22/2021 03:24:00 AM,08/22/2021 02:24:00 AM,,,,,,
08/22/2021 03:24:30 AM,08/22/2021 02:24:30 AM,,,,,,
08/22/2021 03:25:00 AM,08/22/2021 02:25:00 AM,,,,,,
08/22/2021 03:25:30 AM,08/22/2021 02:25:30 AM,,,,,,
08/22/2021 03:26:00 AM,08/22/2021 02:26:00 AM,,,,,,
08/22/2021 03:26:30 AM,08/22/2021 02:26:30 AM,,,,,,
08/22/2021 03:27:00 AM,08/22/2021 02:27:00 AM,,,,,,
08/22/2021 03:27:30 AM,08/22/2021 02:27:30 AM,,,,,,
08/22/2021 03:28:00 AM,08/22/2021 02:28:00 AM,,,,,,
08/22/2021 03:28:30 AM,08/22/2021 02:28:30 AM,,,,,,
08/22/2021 03:29:00 AM,08/22/2021 02:29:00 AM,,,,,,
08/22/2021 03:29:30 AM,08/22/2021 02:29:30 AM,,,,,,
08/22/2021 03:30:00 AM,08/22/2021 02:30:00 AM,,,,,,
08/22/2021 03:30:30 AM,08/22/2021 02:30:30 AM,,,,,,
08/22/2021 03:31:00 AM,08/22/2021 02:31:00 AM,,,,,,
08/22/2021 03:31:30 AM,08/22/2021 02:31:30 AM,,,,,,
08/22/2021 03:32:00 AM,08/22/2021 02:32:00 AM,,,,,,
08/22/2021 03:32:30 AM,08/22/2021 02:32:30 AM,,,,,,
08/22/2021 03:33:00 AM,08/22/2021 02:33:00 AM,,,,,,
08/22/2021 03:33:30 AM,08/22/2021 02:33:30 AM,,,,,,
08/22/2021 03:34:00 AM,08/22/2021 02:34:00 AM,,,,,,
08/22/2021 03:34:30 AM,08/22/2021 02:34:30 AM,,,,,,
08/22/2021 03:35:00 AM,08/22/2021 02:35:00 AM,,,,,,
08/22/2021 03:35:30 AM,08/22/2021 02:35:30 AM,,,,,,
08/22/2021 03:36:00 AM,08/22/2021 02:36:00 AM,,,,,,
08/22/2021 03:36:30 AM,08/22/2021 02:36:30 AM,,,,,,
08/22/2021 03:37:00 AM,08/22/2021 02:37:00 AM,,,,,,
08/22/2021 03:37:30 AM,08/22/2021 02:37:30 AM,,,,,,
08/22/2021 03:38:00 AM,08/22/2021 02:38:00 AM,,,,,,
08/22/2021 03:38:30 AM,08/22/2021 02:38:30 AM,,,,,,
08/22/2021 03:39:00 AM,08/22/2021 02:39:00 AM,,,,,,
08/22/2021 03:39:30 AM,08/22/2021 02:39:30 AM,,,,,,
08/22/2021 03:40:00 AM,08/22/2021 02:40:00 AM,,,,,,
08/22/2021 03:40:30 AM,08/22/2021 02:40:30 AM,,,,,,
08/22/2021 03:41:00 AM,08/22/2021 02:41:00 AM,,,,,,
08/22/2021 03:41:30 AM,08/22/2021 02:41:30 AM,,,,,,
08/22/2021 03:42:00 AM,08/22/2021 02:42:00 AM,,,,,,
08/22/2021 03:42:30 AM,08/22/2021 02:42:30 AM,,,,,,
08/22/2021 03:43:00 AM,08/22/2021 02:43:00 AM,,,,,,
08/22/2021 03:43:30 AM,08/22/2021 02:43:30 AM,,,,,,
08/22/2021 03:44:00 AM,08/22/2021 02:44:00 AM,,,,,,
08/22/2021 03:44:30 AM,08/22/2021 02:44:30 AM,,,,,,
08/22/2021 03:45:00 AM,08/22/2021 02:45:00 AM,,,,,,
08/22/2021 03:45:30 AM,08/22/2021 02:45:30 AM,,,,,,
08/22/2021 03:46:00 AM,08/22/2021 02:46:00 AM,,,,,,
08/22/2021 03:46:30 AM,08/22/2021 02:46:30 AM,,,,,,
08/22/2021 03:47:00 AM,08/22/2021 02:47:00 AM,,,,,,
08/22/2021 03:47:30 AM,08/22/2021 02:47:30 AM,,,,,,
08/22/2021 03:48:00 AM,08/22/2021 02:48:00 AM,,,,,,
08/22/2021 03:48:30 AM,08/22/2021 02:48:30 AM,,,,,,
08/22/2021 03:49:00 AM,08/22/2021 02:49:00 AM,,,,,,
08/22/2021 03:49:30 AM,08/22/2021 02:49:30 AM,,,,,,
08/22/2021 03:50:00 AM,08/22/2021 02:50:00 AM,,,,,,
08/22/2021 03:50:30 AM,08/22/2021 02:50:30 AM,,,,,,
08/22/2021 03:51:00 AM,08/22/2021 02:51:00 AM,,,,,,
08/22/2021 03:51:30 AM,08/22/2021 02:51:30 AM,,,,,,
08/22/2021 03:52:00 AM,08/22/2021 02:52:00 AM,,,,,,
08/22/2021 03:52:30 AM,08/22/2021 02:52:30 AM,,,,,,
08/22/2021 03:53:00 AM,08/22/2021 02:53:00 AM,,,,,,
08/22/2021 03:53:30 AM,08/22/2021 02:53:30 AM,,,,,,
08/22/2021 03:54:00 AM,08/22/2021 02:54:00 AM,,,,,,
08/22/2021 03:54:30 AM,08/22/2021 02:54:30 AM,,,,,,
08/22/2021 03:55:00 AM,08/22/2021 02:55:00 AM,,,,,,
08/22/2021 03:55:30 AM,08/22/2021 02:55:30 AM,,,,,,
08/22/2021 03:56:00 AM,08/22/2021 02:56:00 AM,,,,,,
08/22/2021 03:56:30 AM,08/22/2021 02:56:30 AM,,,,,,
08/22/2021 03:57:00 AM,08/22/2021 02:57:00 AM,,,,,,
08/22/2021 03:57:30 AM,08/22/2021 02:57:30 AM,,,,,,
08/22/2021 03:58:00 AM,08/22/2021 02:58:00 AM,,,,,,
08/22/2021 03:58:30 AM,08/22/2021 02:58:30 AM,,,,,,
08/22/2021 03:59:00 AM,08/22/2021 02:59:00 AM,,,,,,
08/22/2021 03:59:30 AM,08/22/2021 02:59:30 AM,,,,,,
08/22/2021 04:00:00 AM,08/22/2021 03:00:00 AM,,,,,,
08/22/2021 04:00:30 AM,08/22/2021 03:00:30 AM,,,,,,
08/22/2021 04:01:00 AM,08/22/2021 03:01:00 AM,,,,,,
08/22/2021 04:01:30 AM,08/22/2021 03:01:30 AM,,,,,,
08/22/2021 04:02:00 AM,08/22/2021 03:02:00 AM,,,,,,
08/22/2021 04:02:30 AM,08/22/2021 03:02:30 AM,,,,,,
08/22/2021 04:03:00 AM,08/22/2021 03:03:00 AM,,,,,,
08/22/2021 04:03:30 AM,08/22/2021 03:03:30 AM,,,,,,
08/22/2021 04:04:00 AM,08/22/2021 03:04:00 AM,,,,,,
08/22/2021 04:04:30 AM,08/22/2021 03:04:30 AM,,,,,,
08/22/2021 04:05:00 AM,08/22/2021 03:05:00 AM,,,,,,
08/22/2021 04:05:30 AM,08/22/2021 03:05:30 AM,,,,,,
08/22/2021 04:06:00 AM,08/22/2021 03:06:00 AM,,,,,,
08/22/2021 04:06:30 AM,08/22/2021 03:06:30 AM,,,,,,
08/22/2021 04:07:00 AM,08/22/2021 03:07:00 AM,,,,,,
08/22/2021 04:07:30 AM,08/22/2021 03:07:30 AM,,,,,,
08/22/2021 04:08:00 AM,08/22/2021 03:08:00 AM,,,,,,
08/22/2021 04:08:30 AM,08/22/2021 03:08:30 AM,,,,,,
08/22/2021 04:09:00 AM,08/22/2021 03:09:00 AM,,,,,,
08/22/2021 04:09:30 AM,08/22/2021 03:09:30 AM,,,,,,
08/22/2021 04:10:00 AM,08/22/2021 03:10:00 AM,,,,,,
08/22/2021 04:10:30 AM,08/22/2021 03:10:30 AM,,,,,,
08/22/2021 04:11:00 AM,08/22/2021 03:11:00 AM,,,,,,
08/22/2021 04:11:30 AM,08/22/2021 03:11:30 AM,,,,,,
08/22/2021 04:12:00 AM,08/22/2021 03:12:00 AM,,,,,,
08/22/2021 04:12:30 AM,08/22/2021 03:12:30 AM,,,,,,
08/22/2021 04:13:00 AM,08/22/2021 03:13:00 AM,,,,,,
08/22/2021 04:13:30 AM,08/22/2021 03:13:30 AM,,,,,,
08/22/2021 04:14:00 AM,08/22/2021 03:14:00 AM,,,,,,
08/22/2021 04:14:30 AM,08/22/2021 03:14:30 AM,,,,,,
08/22/2021 04:15:00 AM,08/22/2021 03:15:00 AM,,,,,,
08/22/2021 04:15:30 AM,08/22/2021 03:15:30 AM,,,,,,
08/22/2021 04:16:00 AM,08/22/2021 03:16:00 AM,,,,,,
08/22/2021 04:16:30 AM,08/22/2021 03:16:30 AM,,,,,,
08/22/2021 04:17:00 AM,08/22/2021 03:17:00 AM,,,,,,
08/22/2021 04:17:30 AM,08/22/2021 03:17:30 AM,,,,,,
08/22/2021 04:18:00 AM,08/22/2021 03:18:00 AM,,,,,,
08/22/2021 04:18:30 AM,08/22/2021 03:18:30 AM,,,,,,
08/22/2021 04:19:00 AM,08/22/2021 03:19:00 AM,,,,,,
08/22/2021 04:19:30 AM,08/22/2021 03:19:30 AM,,,,,,
08/22/2021 04:20:00 AM,08/22/2021 03:20:00 AM,,,,,,
08/22/2021 04:20:30 AM,08/22/2021 03:20:30 AM,,,,,,
08/22/2021 04:21:00 AM,08/22/2021 03:21:00 AM,,,,,,
08/22/2021 04:21:30 AM,08/22/2021 03:21:30 AM,,,,,,
08/22/2021 04:22:00 AM,08/22/2021 03:22:00 AM,,,,,,
08/22/2021 04:22:30 AM,08/22/2021 03:22:30 AM,,,,,,
08/22/2021 04:23:00 AM,08/22/2021 03:23:00 AM,,,,,,
08/22/2021 04:23:30 AM,08/22/2021 03:23:30 AM,,,,,,
08/22/2021 04:24:00 AM,08/22/2021 03:24:00 AM,,,,,,
08/22/2021 04:24:30 AM,08/22/2021 03:24:30 AM,,,,,,
08/22/2021 04:25:00 AM,08/22/2021 03:25:00 AM,,,,,,
08/22/2021 04:25:30 AM,08/22/2021 03:25:30 AM,,,,,,
08/22/2021 04:26:00 AM,08/22/2021 03:26:00 AM,,,,,,
08/22/2021 04:26:30 AM,08/22/2021 03:26:30 AM,,,,,,
08/22/2021 04:27:00 AM,08/22/2021 03:27:00 AM,,,,,,
08/22/2021 04:27:30 AM,08/22/2021 03:27:30 AM,,,,,,
08/22/2021 04:28:00 AM,08/22/2021 03:28:00 AM,,,,,,
08/22/2021 04:28:30 AM,08/22/2021 03:28:30 AM,,,,,,
08/22/2021 04:29:00 AM,08/22/2021 03:29:00 AM,,,,,,
08/22/2021 04:29:30 AM,08/22/2021 03:29:30 AM,,,,,,
08/22/2021 04:30:00 AM,08/22/2021 03:30:00 AM,,,,,,
08/22/2021 04:30:30 AM,08/22/2021 03:30:30 AM,,,,,,
08/22/2021 04:31:00 AM,08/22/2021 03:31:00 AM,,,,,,
08/22/2021 04:31:30 AM,08/22/2021 03:31:30 AM,,,,,,
08/22/2021 04:32:00 AM,08/22/2021 03:32:00 AM,,,,,,
08/22/2021 04:32:30 AM,08/22/2021 03:32:30 AM,,,,,,
08/22/2021 04:33:00 AM,08/22/2021 03:33:00 AM,,,,,,
08/22/2021 04:33:30 AM,08/22/2021 03:33:30 AM,,,,,,
08/22/2021 04:34:00 AM,08/22/2021 03:34:00 AM,,,,,,
08/22/2021 04:34:30 AM,08/22/2021 03:34:30 AM,,,,,,
08/22/2021 04:35:00 AM,08/22/2021 03:35:00 AM,,,,,,
08/22/2021 04:35:30 AM,08/22/2021 03:35:30 AM,,,,,,
08/22/2021 04:36:00 AM,08/22/2021 03:36:00 AM,,,,,,
08/22/2021 04:36:30 AM,08/22/2021 03:36:30 AM,,,,,,
08/22/2021 04:37:00 AM,08/22/2021 03:37:00 AM,,,,,,
08/22/2021 04:37:30 AM,08/22/2021 03:37:30 AM,,,,,,
08/22/2021 04:38:00 AM,08/22/2021 03:38:00 AM,,,,,,
08/22/2021 04:38:30 AM,08/22/2021 03:38:30 AM,,,,,,
08/22/2021 04:39:00 AM,08/22/2021 03:39:00 AM,,,,,,
08/22/2021 04:39:30 AM,08/22/2021 03:39:30 AM,,,,,,
08/22/2021 04:40:00 AM,08/22/2021 03:40:00 AM,,,,,,
08/22/2021 04:40:30 AM,08/22/2021 03:40:30 AM,,,,,,
08/22/2021 04:41:00 AM,08/22/2021 03:41:00 AM,,,,,,
08/22/2021 04:41:30 AM,08/22/2021 03:41:30 AM,,,,,,
08/22/2021 04:42:00 AM,08/22/2021 03:42:00 AM,,,,,,
08/22/2021 04:42:30 AM,08/22/2021 03:42:30 AM,,,,,,
08/22/2021 04:43:00 AM,08/22/2021 03:43:00 AM,,,,,,
08/22/2021 04:43:30 AM,08/22/2021 03:43:30 AM,,,,,,
08/22/2021 04:44:00 AM,08/22/2021 03:44:00 AM,,,,,,
08/22/2021 04:44:30 AM,08/22/2021 03:44:30 AM,,,,,,
08/22/2021 04:45:00 AM,08/22/2021 03:45:00 AM,,,,,,
08/22/2021 04:45:30 AM,08/22/2021 03:45:30 AM,,,,,,
08/22/2021 04:46:00 AM,08/22/2021 03:46:00 AM,,,,,,
08/22/2021 04:46:30 AM,08/22/2021 03:46:30 AM,,,,,,
08/22/2021 04:47:00 AM,08/22/2021 03:47:00 AM,,,,,,
08/22/2021 04:47:30 AM,08/22/2021 03:47:30 AM,,,,,,
08/22/2021 04:48:00 AM,08/22/2021 03:48:00 AM,,,,,,
08/22/2021 04:48:30 AM,08/22/2021 03:48:30 AM,,,,,,
08/22/2021 04:49:00 AM,08/22/2021 03:49:00 AM,,,,,,
08/22/2021 04:49:30 AM,08/22/2021 03:49:30 AM,,,,,,
08/22/2021 04:50:00 AM,08/22/2021 03:50:00 AM,,,,,,
08/22/2021 04:50:30 AM,08/22/2021 03:50:30 AM,,,,,,
08/22/2021 04:51:00 AM,08/22/2021 03:51:00 AM,,,,,,
08/22/2021 04:51:30 AM,08/22/2021 03:51:30 AM,,,,,,
08/22/2021 04:52:00 AM,08/22/2021 03:52:00 AM,,,,,,
08/22/2021 04:52:30 AM,08/22/2021 03:52:30 AM,,,,,,
08/22/2021 04:53:00 AM,08/22/2021 03:53:00 AM,,,,,,
08/22/2021 04:53:30 AM,08/22/2021 03:53:30 AM,,,,,,
08/22/2021 04:54:00 AM,08/22/2021 03:54:00 AM,,,,,,
08/22/2021 04:54:30 AM,08/22/2021 03:54:30 AM,,,,,,
08/22/2021 04:55:00 AM,08/22/2021 03:55:00 AM,,,,,,
08/22/2021 04:55:30 AM,08/22/2021 03:55:30 AM,,,,,,
08/22/2021 04:56:00 AM,08/22/2021 03:56:00 AM,,,,,,
08/22/2021 04:56:30 AM,08/22/2021 03:56:30 AM,,,,,,
08/22/2021 04:57:00 AM,08/22/2021 03:57:00 AM,,,,,,
08/22/2021 04:57:30 AM,08/22/2021 03:57:30 AM,,,,,,
08/22/2021 04:58:00 AM,08/22/2021 03:58:00 AM,,,,,,
08/22/2021 04:58:30 AM,08/22/2021 03:58:30 AM,,,,,,
08/22/2021 04:59:00 AM,08/22/2021 03:59:00 AM,,,,,,
08/22/2021 04:59:30 AM,08/22/2021 03:59:30 AM,,,,,,
08/22/2021 05:00:00 AM,08/22/2021 04:00:00 AM,,,,,,
08/22/2021 05:00:30 AM,08/22/2021 04:00:30 AM,,,,,,
08/22/2021 05:01:00 AM,08/22/2021 04:01:00 AM,,,,,,
08/22/2021 05:01:30 AM,08/22/2021 04:01:30 AM,,,,,,
08/22/2021 05:02:00 AM,08/22/2021 04:02:00 AM,,,,,,
08/22/2021 05:02:30 AM,08/22/2021 04:02:30 AM,,,,,,
08/22/2021 05:03:00 AM,08/22/2021 04:03:00 AM,,,,,,
08/22/2021 05:03:30 AM,08/22/2021 04:03:30 AM,,,,,,
08/22/2021 05:04:00 AM,08/22/2021 04:04:00 AM,,,,,,
08/22/2021 05:04:30 AM,08/22/2021 04:04:30 AM,,,,,,
08/22/2021 05:05:00 AM,08/22/2021 04:05:00 AM,,,,,,
08/22/2021 05:05:30 AM,08/22/2021 04:05:30 AM,,,,,,
08/22/2021 05:06:00 AM,08/22/2021 04:06:00 AM,,,,,,
08/22/2021 05:06:30 AM,08/22/2021 04:06:30 AM,,,,,,
08/22/2021 05:07:00 AM,08/22/2021 04:07:00 AM,,,,,,
08/22/2021 05:07:30 AM,08/22/2021 04:07:30 AM,,,,,,
08/22/2021 05:08:00 AM,08/22/2021 04:08:00 AM,,,,,,
08/22/2021 05:08:30 AM,08/22/2021 04:08:30 AM,,,,,,
08/22/2021 05:09:00 AM,08/22/2021 04:09:00 AM,,,,,,
08/22/2021 05:09:30 AM,08/22/2021 04:09:30 AM,,,,,,
08/22/2021 05:10:00 AM,08/22/2021 04:10:00 AM,,,,,,
08/22/2021 05:10:30 AM,08/22/2021 04:10:30 AM,,,,,,
08/22/2021 05:11:00 AM,08/22/2021 04:11:00 AM,,,,,,
08/22/2021 05:11:30 AM,08/22/2021 04:11:30 AM,,,,,,
08/22/2021 05:12:00 AM,08/22/2021 04:12:00 AM,,,,,,
08/22/2021 05:12:30 AM,08/22/2021 04:12:30 AM,,,,,,
08/22/2021 05:13:00 AM,08/22/2021 04:13:00 AM,,,,,,
08/22/2021 05:13:30 AM,08/22/2021 04:13:30 AM,,,,,,
08/22/2021 05:14:00 AM,08/22/2021 04:14:00 AM,,,,,,
08/22/2021 05:14:30 AM,08/22/2021 04:14:30 AM,,,,,,
08/22/2021 05:15:00 AM,08/22/2021 04:15:00 AM,,,,,,
08/22/2021 05:15:30 AM,08/22/2021 04:15:30 AM,,,,,,
08/22/2021 05:16:00 AM,08/22/2021 04:16:00 AM,,,,,,
08/22/2021 05:16:30 AM,08/22/2021 04:16:30 AM,,,,,,
08/22/2021 05:17:00 AM,08/22/2021 04:17:00 AM,,,,,,
08/22/2021 05:17:30 AM,08/22/2021 04:17:30 AM,,,,,,
08/22/2021 05:18:00 AM,08/22/2021 04:18:00 AM,,,,,,
08/22/2021 05:18:30 AM,08/22/2021 04:18:30 AM,,,,,,
08/22/2021 05:19:00 AM,08/22/2021 04:19:00 AM,,,,,,
08/22/2021 05:19:30 AM,08/22/2021 04:19:30 AM,,,,,,
08/22/2021 05:20:00 AM,08/22/2021 04:20:00 AM,,,,,,
08/22/2021 05:20:30 AM,08/22/2021 04:20:30 AM,,,,,,
08/22/2021 05:21:00 AM,08/22/2021 04:21:00 AM,,,,,,
08/22/2021 05:21:30 AM,08/22/2021 04:21:30 AM,,,,,,
08/22/2021 05:22:00 AM,08/22/2021 04:22:00 AM,,,,,,
08/22/2021 05:22:30 AM,08/22/2021 04:22:30 AM,,,,,,
08/22/2021 05:23:00 AM,08/22/2021 04:23:00 AM,,,,,,
08/22/2021 05:23:30 AM,08/22/2021 04:23:30 AM,,,,,,
08/22/2021 05:24:00 AM,08/22/2021 04:24:00 AM,,,,,,
08/22/2021 05:24:30 AM,08/22/2021 04:24:30 AM,,,,,,
08/22/2021 05:25:00 AM,08/22/2021 04:25:00 AM,,,,,,
08/22/2021 05:25:30 AM,08/22/2021 04:25:30 AM,,,,,,
08/22/2021 05:26:00 AM,08/22/2021 04:26:00 AM,,,,,,
08/22/2021 05:26:30 AM,08/22/2021 04:26:30 AM,,,,,,
08/22/2021 05:27:00 AM,08/22/2021 04:27:00 AM,,,,,,
08/22/2021 05:27:30 AM,08/22/2021 04:27:30 AM,,,,,,
08/22/2021 05:28:00 AM,08/22/2021 04:28:00 AM,,,,,,
08/22/2021 05:28:30 AM,08/22/2021 04:28:30 AM,,,,,,
08/22/2021 05:29:00 AM,08/22/2021 04:29:00 AM,,,,,,
08/22/2021 05:29:30 AM,08/22/2021 04:29:30 AM,,,,,,
08/22/2021 05:30:00 AM,08/22/2021 04:30:00 AM,,,,,,
08/22/2021 05:30:30 AM,08/22/2021 04:30:30 AM,,,,,,
08/22/2021 05:31:00 AM,08/22/2021 04:31:00 AM,,,,,,
08/22/2021 05:31:30 AM,08/22/2021 04:31:30 AM,,,,,,
08/22/2021 05:32:00 AM,08/22/2021 04:32:00 AM,,,,,,
08/22/2021 05:32:30 AM,08/22/2021 04:32:30 AM,,,,,,
08/22/2021 05:33:00 AM,08/22/2021 04:33:00 AM,,,,,,
08/22/2021 05:33:30 AM,08/22/2021 04:33:30 AM,,,,,,
08/22/2021 05:34:00 AM,08/22/2021 04:34:00 AM,,,,,,
08/22/2021 05:34:30 AM,08/22/2021 04:34:30 AM,,,,,,
08/22/2021 05:35:00 AM,08/22/2021 04:35:00 AM,,,,,,
08/22/2021 05:35:30 AM,08/22/2021 04:35:30 AM,,,,,,
08/22/2021 05:36:00 AM,08/22/2021 04:36:00 AM,,,,,,
08/22/2021 05:36:30 AM,08/22/2021 04:36:30 AM,,,,,,
08/22/2021 05:37:00 AM,08/22/2021 04:37:00 AM,,,,,,
08/22/2021 05:37:30 AM,08/22/2021 04:37:30 AM,,,,,,
08/22/2021 05:38:00 AM,08/22/2021 04:38:00 AM,,,,,,
08/22/2021 05:38:30 AM,08/22/2021 04:38:30 AM,,,,,,
08/22/2021 05:39:00 AM,08/22/2021 04:39:00 AM,,,,,,
08/22/2021 05:39:30 AM,08/22/2021 04:39:30 AM,,,,,,
08/22/2021 05:40:00 AM,08/22/2021 04:40:00 AM,,,,,,
08/22/2021 05:40:30 AM,08/22/2021 04:40:30 AM,,,,,,
08/22/2021 05:41:00 AM,08/22/2021 04:41:00 AM,,,,,,
08/22/2021 05:41:30 AM,08/22/2021 04:41:30 AM,,,,,,
08/22/2021 05:42:00 AM,08/22/2021 04:42:00 AM,,,,,,
08/22/2021 05:42:30 AM,08/22/2021 04:42:30 AM,,,,,,
08/22/2021 05:43:00 AM,08/22/2021 04:43:00 AM,,,,,,
08/22/2021 05:43:30 AM,08/22/2021 04:43:30 AM,,,,,,
08/22/2021 05:44:00 AM,08/22/2021 04:44:00 AM,,,,,,
08/22/2021 05:44:30 AM,08/22/2021 04:44:30 AM,,,,,,
08/22/2021 05:45:00 AM,08/22/2021 04:45:00 AM,,,,,,
08/22/2021 05:45:30 AM,08/22/2021 04:45:30 AM,,,,,,
08/22/2021 05:46:00 AM,08/22/2021 04:46:00 AM,,,,,,
08/22/2021 05:46:30 AM,08/22/2021 04:46:30 AM,,,,,,
08/22/2021 05:47:00 AM,08/22/2021 04:47:00 AM,,,,,,
08/22/2021 05:47:30 AM,08/22/2021 04:47:30 AM,,,,,,
08/22/2021 05:48:00 AM,08/22/2021 04:48:00 AM,,,,,,
08/22/2021 05:48:30 AM,08/22/2021 04:48:30 AM,,,,,,
08/22/2021 05:49:00 AM,08/22/2021 04:49:00 AM,343.27442827442826,341,350,25.977130977130976,25,27
08/22/2021 05:49:30 AM,08/22/2021 04:49:30 AM,,,,,,
08/22/2021 05:50:00 AM,08/22/2021 04:50:00 AM,,,,,,
08/22/2021 05:50:30 AM,08/22/2021 04:50:30 AM,,,,,,
08/22/2021 05:51:00 AM,08/22/2021 04:51:00 AM,,,,,,
08/22/2021 05:51:30 AM,08/22/2021 04:51:30 AM,,,,,,
08/22/2021 05:52:00 AM,08/22/2021 04:52:00 AM,,,,,,
08/22/2021 05:52:30 AM,08/22/2021 04:52:30 AM,,,,,,
08/22/2021 05:53:00 AM,08/22/2021 04:53:00 AM,,,,,,
08/22/2021 05:53:30 AM,08/22/2021 04:53:30 AM,,,,,,
08/22/2021 05:54:00 AM,08/22/2021 04:54:00 AM,,,,,,
08/22/2021 05:54:30 AM,08/22/2021 04:54:30 AM,,,,,,
08/22/2021 05:55:00 AM,08/22/2021 04:55:00 AM,,,,,,
08/22/2021 05:55:30 AM,08/22/2021 04:55:30 AM,,,,,,
08/22/2021 05:56:00 AM,08/22/2021 04:56:00 AM,,,,,,
08/22/2021 05:56:30 AM,08/22/2021 04:56:30 AM,,,,,,
08/22/2021 05:57:00 AM,08/22/2021 04:57:00 AM,,,,,,
08/22/2021 05:57:30 AM,08/22/2021 04:57:30 AM,,,,,,
08/22/2021 05:58:00 AM,08/22/2021 04:58:00 AM,,,,,,
08/22/2021 05:58:30 AM,08/22/2021 04:58:30 AM,,,,,,
08/22/2021 05:59:00 AM,08/22/2021 04:59:00 AM,,,,,,
08/22/2021 05:59:30 AM,08/22/2021 04:59:30 AM,,,,,,
08/22/2021 06:00:00 AM,08/22/2021 05:00:00 AM,,,,,,
08/22/2021 06:00:30 AM,08/22/2021 05:00:30 AM,,,,,,
08/22/2021 06:01:00 AM,08/22/2021 05:01:00 AM,,,,,,
08/22/2021 06:01:30 AM,08/22/2021 05:01:30 AM,,,,,,
08/22/2021 06:02:00 AM,08/22/2021 05:02:00 AM,,,,,,
08/22/2021 06:02:30 AM,08/22/2021 05:02:30 AM,,,,,,
08/22/2021 06:03:00 AM,08/22/2021 05:03:00 AM,,,,,,
08/22/2021 06:03:30 AM,08/22/2021 05:03:30 AM,,,,,,
08/22/2021 06:04:00 AM,08/22/2021 05:04:00 AM,,,,,,
08/22/2021 06:04:30 AM,08/22/2021 05:04:30 AM,,,,,,
08/22/2021 06:05:00 AM,08/22/2021 05:05:00 AM,,,,,,
08/22/2021 06:05:30 AM,08/22/2021 05:05:30 AM,,,,,,
08/22/2021 06:06:00 AM,08/22/2021 05:06:00 AM,,,,,,
08/22/2021 06:06:30 AM,08/22/2021 05:06:30 AM,,,,,,
08/22/2021 06:07:00 AM,08/22/2021 05:07:00 AM,,,,,,
08/22/2021 06:07:30 AM,08/22/2021 05:07:30 AM,,,,,,
08/22/2021 06:08:00 AM,08/22/2021 05:08:00 AM,349.25,349,350,26,26,26
08/22/2021 06:08:30 AM,08/22/2021 05:08:30 AM,,,,,,
08/22/2021 06:09:00 AM,08/22/2021 05:09:00 AM,349.75,349,351,26,26,26
08/22/2021 06:09:30 AM,08/22/2021 05:09:30 AM,,,,,,
08/22/2021 06:10:00 AM,08/22/2021 05:10:00 AM,349.75,349,350,26,26,26
08/22/2021 06:10:30 AM,08/22/2021 05:10:30 AM,,,,,,
08/22/2021 06:11:00 AM,08/22/2021 05:11:00 AM,349.2,348,351,26,26,26
08/22/2021 06:11:30 AM,08/22/2021 05:11:30 AM,,,,,,
08/22/2021 06:12:00 AM,08/22/2021 05:12:00 AM,349.75,349,350,26,26,26
08/22/2021 06:12:30 AM,08/22/2021 05:12:30 AM,,,,,,
08/22/2021 06:13:00 AM,08/22/2021 05:13:00 AM,349,348,350,26,26,26
08/22/2021 06:13:30 AM,08/22/2021 05:13:30 AM,,,,,,
08/22/2021 06:14:00 AM,08/22/2021 05:14:00 AM,,,,,,
08/22/2021 06:14:30 AM,08/22/2021 05:14:30 AM,,,,,,
08/22/2021 06:15:00 AM,08/22/2021 05:15:00 AM,,,,,,
08/22/2021 06:15:30 AM,08/22/2021 05:15:30 AM,,,,,,
08/22/2021 06:16:00 AM,08/22/2021 05:16:00 AM,,,,,,
08/22/2021 06:16:30 AM,08/22/2021 05:16:30 AM,,,,,,
08/22/2021 06:17:00 AM,08/22/2021 05:17:00 AM,,,,,,
08/22/2021 06:17:30 AM,08/22/2021 05:17:30 AM,,,,,,
08/22/2021 06:18:00 AM,08/22/2021 05:18:00 AM,,,,,,
08/22/2021 06:18:30 AM,08/22/2021 05:18:30 AM,,,,,,
08/22/2021 06:19:00 AM,08/22/2021 05:19:00 AM,,,,,,
08/22/2021 06:19:30 AM,08/22/2021 05:19:30 AM,,,,,,
08/22/2021 06:20:00 AM,08/22/2021 05:20:00 AM,,,,,,
08/22/2021 06:20:30 AM,08/22/2021 05:20:30 AM,,,,,,
08/22/2021 06:21:00 AM,08/22/2021 05:21:00 AM,,,,,,
08/22/2021 06:21:30 AM,08/22/2021 05:21:30 AM,,,,,,
08/22/2021 06:22:00 AM,08/22/2021 05:22:00 AM,,,,,,
08/22/2021 06:22:30 AM,08/22/2021 05:22:30 AM,,,,,,
08/22/2021 06:23:00 AM,08/22/2021 05:23:00 AM,348.4166666666667,343,350,26.053030303030305,26,27
08/22/2021 06:23:30 AM,08/22/2021 05:23:30 AM,,,,,,
08/22/2021 06:24:00 AM,08/22/2021 05:24:00 AM,,,,,,
08/22/2021 06:24:30 AM,08/22/2021 05:24:30 AM,,,,,,
08/22/2021 06:25:00 AM,08/22/2021 05:25:00 AM,,,,,,
08/22/2021 06:25:30 AM,08/22/2021 05:25:30 AM,,,,,,
08/22/2021 06:26:00 AM,08/22/2021 05:26:00 AM,,,,,,
08/22/2021 06:26:30 AM,08/22/2021 05:26:30 AM,,,,,,
08/22/2021 06:27:00 AM,08/22/2021 05:27:00 AM,,,,,,
08/22/2021 06:27:30 AM,08/22/2021 05:27:30 AM,,,,,,
08/22/2021 06:28:00 AM,08/22/2021 05:28:00 AM,,,,,,
08/22/2021 06:28:30 AM,08/22/2021 05:28:30 AM,,,,,,
08/22/2021 06:29:00 AM,08/22/2021 05:29:00 AM,,,,,,
08/22/2021 06:29:30 AM,08/22/2021 05:29:30 AM,,,,,,
08/22/2021 06:30:00 AM,08/22/2021 05:30:00 AM,,,,,,
08/22/2021 06:30:30 AM,08/22/2021 05:30:30 AM,,,,,,
08/22/2021 06:31:00 AM,08/22/2021 05:31:00 AM,,,,,,
08/22/2021 06:31:30 AM,08/22/2021 05:31:30 AM,,,,,,
08/22/2021 06:32:00 AM,08/22/2021 05:32:00 AM,,,,,,
08/22/2021 06:32:30 AM,08/22/2021 05:32:30 AM,,,,,,
08/22/2021 06:33:00 AM,08/22/2021 05:33:00 AM,,,,,,
08/22/2021 06:33:30 AM,08/22/2021 05:33:30 AM,,,,,,
08/22/2021 06:34:00 AM,08/22/2021 05:34:00 AM,,,,,,
08/22/2021 06:34:30 AM,08/22/2021 05:34:30 AM,,,,,,
08/22/2021 06:35:00 AM,08/22/2021 05:35:00 AM,351.53333333333336,351,353,26.066666666666666,26,27
08/22/2021 06:35:30 AM,08/22/2021 05:35:30 AM,,,,,,
08/22/2021 06:36:00 AM,08/22/2021 05:36:00 AM,351.35714285714283,350,353,26.017857142857142,26,27
08/22/2021 06:36:30 AM,08/22/2021 05:36:30 AM,,,,,,
08/22/2021 06:37:00 AM,08/22/2021 05:37:00 AM,351.48214285714283,350,352,26.035714285714285,26,27
08/22/2021 06:37:30 AM,08/22/2021 05:37:30 AM,,,,,,
